{
    "camera_matrix": [
        [
            537.0025529731705,
            0.0,
            319.25931437909156
        ],
        [
            0.0,
            536.65996881513,
            233.60771146620988
        ],
        [
            0.0,
            0.0,
            1.0
        ]
    ],
    "distortion_coefficients": [
        [
            -0.00313982622174575,
            0.2581622273276672,
            -0.002939010895688373,
            0.0007857881473020589,
            -0.9752260701180117
        ]
    ]
}